{
    "analyzers": {
      "core": {
        "rules": {
          "no-hardcoded-env-urls": {
            "level": "off"
          },
          "no-unused-params": {
            "level": "off"
          },
          "no-unused-vars": {
            "level": "off"
          },
          "prefer-interpolation": {
            "level": "off"
          },
          "secure-parameter-default": {
            "level": "off"
          },
          "use-recent-api-versions": {
            "level": "off"
          }
          
        }
      }
    }
  }